anomaly_ratio,f1,precision,recall
0.1,0.9999637300061659,0.9999637300061659,0.9999637300061659
0.01,0.9999818646741989,1.0,0.9999637300061659
0.005,0.9999637286906057,1.0,0.9999274600123318
0.001,0.9961408235336949,0.9999269085992033,0.9923833012948388
